run_tag,dataset,model,status,split_mode,dataset_path,output_root,train_samples,val_samples,test_samples,feature_count,dropped_nan_columns,best_epoch,epochs_ran,final_fit_epochs,best_val_loss,prediction_path,history_path,n_qubits,n_qlayers,n_esteps,data_reupload,quantum_backend,mae,mse,rmse,r2
task1a-classical-baseline,minimal,Autoformer,ok,full_2021,/home/tawheed/exp/project_qml/QLSTM/data/preprocessed/task1a/wildfire_risk_minimal.csv,/home/tawheed/exp/project_qml/QLSTM/output/task1a_classical/runs/task1a-classical-baseline,1621,285,1906,9,,2,12,2,0.16415357341368994,/home/tawheed/exp/project_qml/QLSTM/output/task1a_classical/runs/task1a-classical-baseline/predictions/minimal__Autoformer.csv,/home/tawheed/exp/project_qml/QLSTM/output/task1a_classical/runs/task1a-classical-baseline/histories/minimal__Autoformer.json,,,,,,0.219991996884346,0.08030439913272858,0.28338030830092725,0.8222153782844543
task1a-classical-baseline,minimal,Crossformer,ok,full_2021,/home/tawheed/exp/project_qml/QLSTM/data/preprocessed/task1a/wildfire_risk_minimal.csv,/home/tawheed/exp/project_qml/QLSTM/output/task1a_classical/runs/task1a-classical-baseline,1621,285,1906,9,,6,16,6,0.03745145536959171,/home/tawheed/exp/project_qml/QLSTM/output/task1a_classical/runs/task1a-classical-baseline/predictions/minimal__Crossformer.csv,/home/tawheed/exp/project_qml/QLSTM/output/task1a_classical/runs/task1a-classical-baseline/histories/minimal__Crossformer.json,,,,,,0.07020130753517151,0.01263343170285225,0.11239853959394779,0.9720310568809509
task1a-classical-baseline,minimal,DLinear,ok,full_2021,/home/tawheed/exp/project_qml/QLSTM/data/preprocessed/task1a/wildfire_risk_minimal.csv,/home/tawheed/exp/project_qml/QLSTM/output/task1a_classical/runs/task1a-classical-baseline,1621,285,1906,9,,50,50,50,0.045791116853555046,/home/tawheed/exp/project_qml/QLSTM/output/task1a_classical/runs/task1a-classical-baseline/predictions/minimal__DLinear.csv,/home/tawheed/exp/project_qml/QLSTM/output/task1a_classical/runs/task1a-classical-baseline/histories/minimal__DLinear.json,,,,,,0.0617244578897953,0.011782461777329445,0.10854704868088051,0.9739149808883667
task1a-classical-baseline,minimal,ETSformer,ok,full_2021,/home/tawheed/exp/project_qml/QLSTM/data/preprocessed/task1a/wildfire_risk_minimal.csv,/home/tawheed/exp/project_qml/QLSTM/output/task1a_classical/runs/task1a-classical-baseline,1621,285,1906,9,,38,48,38,0.08111329625050227,/home/tawheed/exp/project_qml/QLSTM/output/task1a_classical/runs/task1a-classical-baseline/predictions/minimal__ETSformer.csv,/home/tawheed/exp/project_qml/QLSTM/output/task1a_classical/runs/task1a-classical-baseline/histories/minimal__ETSformer.json,,,,,,0.11387351155281067,0.02958681434392929,0.17200818103779045,0.9344982504844666
task1a-classical-baseline,minimal,FEDformer,ok,full_2021,/home/tawheed/exp/project_qml/QLSTM/data/preprocessed/task1a/wildfire_risk_minimal.csv,/home/tawheed/exp/project_qml/QLSTM/output/task1a_classical/runs/task1a-classical-baseline,1621,285,1906,9,,10,20,10,0.16363577793041864,/home/tawheed/exp/project_qml/QLSTM/output/task1a_classical/runs/task1a-classical-baseline/predictions/minimal__FEDformer.csv,/home/tawheed/exp/project_qml/QLSTM/output/task1a_classical/runs/task1a-classical-baseline/histories/minimal__FEDformer.json,,,,,,0.1915886551141739,0.0739021971821785,0.27184958558397415,0.8363891243934631
task1a-classical-baseline,minimal,FiLM,ok,full_2021,/home/tawheed/exp/project_qml/QLSTM/data/preprocessed/task1a/wildfire_risk_minimal.csv,/home/tawheed/exp/project_qml/QLSTM/output/task1a_classical/runs/task1a-classical-baseline,1621,285,1906,9,,49,50,49,0.09557858357826869,/home/tawheed/exp/project_qml/QLSTM/output/task1a_classical/runs/task1a-classical-baseline/predictions/minimal__FiLM.csv,/home/tawheed/exp/project_qml/QLSTM/output/task1a_classical/runs/task1a-classical-baseline/histories/minimal__FiLM.json,,,,,,0.17019324004650116,0.048231758177280426,0.21961729935795227,0.8932204842567444
task1a-classical-baseline,minimal,FreTS,ok,full_2021,/home/tawheed/exp/project_qml/QLSTM/data/preprocessed/task1a/wildfire_risk_minimal.csv,/home/tawheed/exp/project_qml/QLSTM/output/task1a_classical/runs/task1a-classical-baseline,1621,285,1906,9,,12,22,12,0.03768406808376312,/home/tawheed/exp/project_qml/QLSTM/output/task1a_classical/runs/task1a-classical-baseline/predictions/minimal__FreTS.csv,/home/tawheed/exp/project_qml/QLSTM/output/task1a_classical/runs/task1a-classical-baseline/histories/minimal__FreTS.json,,,,,,0.058989912271499634,0.010182625614106655,0.10090899669557049,0.9774568676948547
task1a-classical-baseline,minimal,Informer,ok,full_2021,/home/tawheed/exp/project_qml/QLSTM/data/preprocessed/task1a/wildfire_risk_minimal.csv,/home/tawheed/exp/project_qml/QLSTM/output/task1a_classical/runs/task1a-classical-baseline,1621,285,1906,9,,29,39,29,0.06001238152384758,/home/tawheed/exp/project_qml/QLSTM/output/task1a_classical/runs/task1a-classical-baseline/predictions/minimal__Informer.csv,/home/tawheed/exp/project_qml/QLSTM/output/task1a_classical/runs/task1a-classical-baseline/histories/minimal__Informer.json,,,,,,0.07069599628448486,0.011731741018593311,0.10831316179760109,0.9740272760391235
task1a-classical-baseline,minimal,LightTS,ok,full_2021,/home/tawheed/exp/project_qml/QLSTM/data/preprocessed/task1a/wildfire_risk_minimal.csv,/home/tawheed/exp/project_qml/QLSTM/output/task1a_classical/runs/task1a-classical-baseline,1621,285,1906,9,,39,49,39,0.037504181265830994,/home/tawheed/exp/project_qml/QLSTM/output/task1a_classical/runs/task1a-classical-baseline/predictions/minimal__LightTS.csv,/home/tawheed/exp/project_qml/QLSTM/output/task1a_classical/runs/task1a-classical-baseline/histories/minimal__LightTS.json,,,,,,0.05502096936106682,0.00921137910336256,0.09597592981244078,0.979607105255127
task1a-classical-baseline,minimal,MICN,ok,full_2021,/home/tawheed/exp/project_qml/QLSTM/data/preprocessed/task1a/wildfire_risk_minimal.csv,/home/tawheed/exp/project_qml/QLSTM/output/task1a_classical/runs/task1a-classical-baseline,1621,285,1906,9,,50,50,50,0.7603389422098795,/home/tawheed/exp/project_qml/QLSTM/output/task1a_classical/runs/task1a-classical-baseline/predictions/minimal__MICN.csv,/home/tawheed/exp/project_qml/QLSTM/output/task1a_classical/runs/task1a-classical-baseline/histories/minimal__MICN.json,,,,,,0.21159812808036804,0.1064165011048317,0.3262154213166994,0.7644062042236328
task1a-classical-baseline,minimal,MSGNet,ok,full_2021,/home/tawheed/exp/project_qml/QLSTM/data/preprocessed/task1a/wildfire_risk_minimal.csv,/home/tawheed/exp/project_qml/QLSTM/output/task1a_classical/runs/task1a-classical-baseline,1621,285,1906,9,,16,26,16,0.04155436779061953,/home/tawheed/exp/project_qml/QLSTM/output/task1a_classical/runs/task1a-classical-baseline/predictions/minimal__MSGNet.csv,/home/tawheed/exp/project_qml/QLSTM/output/task1a_classical/runs/task1a-classical-baseline/histories/minimal__MSGNet.json,,,,,,0.058115653693675995,0.010241543874144554,0.10120051321087534,0.9773263931274414
task1a-classical-baseline,minimal,MambaSimple,ok,full_2021,/home/tawheed/exp/project_qml/QLSTM/data/preprocessed/task1a/wildfire_risk_minimal.csv,/home/tawheed/exp/project_qml/QLSTM/output/task1a_classical/runs/task1a-classical-baseline,1621,285,1906,9,,10,20,10,0.04331231862306595,/home/tawheed/exp/project_qml/QLSTM/output/task1a_classical/runs/task1a-classical-baseline/predictions/minimal__MambaSimple.csv,/home/tawheed/exp/project_qml/QLSTM/output/task1a_classical/runs/task1a-classical-baseline/histories/minimal__MambaSimple.json,,,,,,0.06073852255940437,0.010753748938441277,0.10370028417724456,0.9761924743652344
task1a-classical-baseline,minimal,Nonstationary_Transformer,ok,full_2021,/home/tawheed/exp/project_qml/QLSTM/data/preprocessed/task1a/wildfire_risk_minimal.csv,/home/tawheed/exp/project_qml/QLSTM/output/task1a_classical/runs/task1a-classical-baseline,1621,285,1906,9,,12,22,12,0.04365727553764979,/home/tawheed/exp/project_qml/QLSTM/output/task1a_classical/runs/task1a-classical-baseline/predictions/minimal__Nonstationary_Transformer.csv,/home/tawheed/exp/project_qml/QLSTM/output/task1a_classical/runs/task1a-classical-baseline/histories/minimal__Nonstationary_Transformer.json,,,,,,0.0613473542034626,0.010706036351621151,0.1034699780207822,0.9762980937957764
task1a-classical-baseline,minimal,PAttn,ok,full_2021,/home/tawheed/exp/project_qml/QLSTM/data/preprocessed/task1a/wildfire_risk_minimal.csv,/home/tawheed/exp/project_qml/QLSTM/output/task1a_classical/runs/task1a-classical-baseline,1621,285,1906,9,,19,29,19,0.0404971626897653,/home/tawheed/exp/project_qml/QLSTM/output/task1a_classical/runs/task1a-classical-baseline/predictions/minimal__PAttn.csv,/home/tawheed/exp/project_qml/QLSTM/output/task1a_classical/runs/task1a-classical-baseline/histories/minimal__PAttn.json,,,,,,0.05775466188788414,0.01060454361140728,0.10297836477341869,0.9765228033065796
task1a-classical-baseline,minimal,PatchTST,ok,full_2021,/home/tawheed/exp/project_qml/QLSTM/data/preprocessed/task1a/wildfire_risk_minimal.csv,/home/tawheed/exp/project_qml/QLSTM/output/task1a_classical/runs/task1a-classical-baseline,1621,285,1906,9,,7,17,7,0.03988697131474813,/home/tawheed/exp/project_qml/QLSTM/output/task1a_classical/runs/task1a-classical-baseline/predictions/minimal__PatchTST.csv,/home/tawheed/exp/project_qml/QLSTM/output/task1a_classical/runs/task1a-classical-baseline/histories/minimal__PatchTST.json,,,,,,0.057201966643333435,0.010530748404562473,0.10261943482870325,0.9766861200332642
task1a-classical-baseline,minimal,Pyraformer,ok,full_2021,/home/tawheed/exp/project_qml/QLSTM/data/preprocessed/task1a/wildfire_risk_minimal.csv,/home/tawheed/exp/project_qml/QLSTM/output/task1a_classical/runs/task1a-classical-baseline,1621,285,1906,9,,48,50,48,0.05357608571648598,/home/tawheed/exp/project_qml/QLSTM/output/task1a_classical/runs/task1a-classical-baseline/predictions/minimal__Pyraformer.csv,/home/tawheed/exp/project_qml/QLSTM/output/task1a_classical/runs/task1a-classical-baseline/histories/minimal__Pyraformer.json,,,,,,0.076425701379776,0.01284925639629364,0.11335456054475108,0.9715532660484314
task1a-classical-baseline,minimal,Reformer,ok,full_2021,/home/tawheed/exp/project_qml/QLSTM/data/preprocessed/task1a/wildfire_risk_minimal.csv,/home/tawheed/exp/project_qml/QLSTM/output/task1a_classical/runs/task1a-classical-baseline,1621,285,1906,9,,45,50,45,0.05619910235206286,/home/tawheed/exp/project_qml/QLSTM/output/task1a_classical/runs/task1a-classical-baseline/predictions/minimal__Reformer.csv,/home/tawheed/exp/project_qml/QLSTM/output/task1a_classical/runs/task1a-classical-baseline/histories/minimal__Reformer.json,,,,,,0.07839696109294891,0.013751639053225517,0.1172673827337573,0.9695554971694946
task1a-classical-baseline,minimal,SegRNN,ok,full_2021,/home/tawheed/exp/project_qml/QLSTM/data/preprocessed/task1a/wildfire_risk_minimal.csv,/home/tawheed/exp/project_qml/QLSTM/output/task1a_classical/runs/task1a-classical-baseline,1621,285,1906,9,,1,11,1,0.03904059777657191,/home/tawheed/exp/project_qml/QLSTM/output/task1a_classical/runs/task1a-classical-baseline/predictions/minimal__SegRNN.csv,/home/tawheed/exp/project_qml/QLSTM/output/task1a_classical/runs/task1a-classical-baseline/histories/minimal__SegRNN.json,,,,,,0.05052424594759941,0.009659596718847752,0.09828324739673466,0.9786147475242615
task1a-classical-baseline,minimal,TSMixer,ok,full_2021,/home/tawheed/exp/project_qml/QLSTM/data/preprocessed/task1a/wildfire_risk_minimal.csv,/home/tawheed/exp/project_qml/QLSTM/output/task1a_classical/runs/task1a-classical-baseline,1621,285,1906,9,,48,50,48,0.05172872543334961,/home/tawheed/exp/project_qml/QLSTM/output/task1a_classical/runs/task1a-classical-baseline/predictions/minimal__TSMixer.csv,/home/tawheed/exp/project_qml/QLSTM/output/task1a_classical/runs/task1a-classical-baseline/histories/minimal__TSMixer.json,,,,,,0.05094527080655098,0.008500797674059868,0.09219977046641639,0.9811802506446838
task1a-classical-baseline,minimal,TiDE,ok,full_2021,/home/tawheed/exp/project_qml/QLSTM/data/preprocessed/task1a/wildfire_risk_minimal.csv,/home/tawheed/exp/project_qml/QLSTM/output/task1a_classical/runs/task1a-classical-baseline,1621,285,1906,9,,44,50,44,0.04224091644088427,/home/tawheed/exp/project_qml/QLSTM/output/task1a_classical/runs/task1a-classical-baseline/predictions/minimal__TiDE.csv,/home/tawheed/exp/project_qml/QLSTM/output/task1a_classical/runs/task1a-classical-baseline/histories/minimal__TiDE.json,,,,,,0.0649796724319458,0.011795658618211746,0.10860782024427038,0.9738857746124268
task1a-classical-baseline,minimal,TimeFilter,ok,full_2021,/home/tawheed/exp/project_qml/QLSTM/data/preprocessed/task1a/wildfire_risk_minimal.csv,/home/tawheed/exp/project_qml/QLSTM/output/task1a_classical/runs/task1a-classical-baseline,1621,285,1906,9,,6,16,6,0.03977816800276438,/home/tawheed/exp/project_qml/QLSTM/output/task1a_classical/runs/task1a-classical-baseline/predictions/minimal__TimeFilter.csv,/home/tawheed/exp/project_qml/QLSTM/output/task1a_classical/runs/task1a-classical-baseline/histories/minimal__TimeFilter.json,,,,,,0.05688397213816643,0.010355360805988312,0.10176129326019943,0.9770744442939758
task1a-classical-baseline,minimal,TimeMixer,ok,full_2021,/home/tawheed/exp/project_qml/QLSTM/data/preprocessed/task1a/wildfire_risk_minimal.csv,/home/tawheed/exp/project_qml/QLSTM/output/task1a_classical/runs/task1a-classical-baseline,1621,285,1906,9,,23,33,23,0.03915574277440707,/home/tawheed/exp/project_qml/QLSTM/output/task1a_classical/runs/task1a-classical-baseline/predictions/minimal__TimeMixer.csv,/home/tawheed/exp/project_qml/QLSTM/output/task1a_classical/runs/task1a-classical-baseline/histories/minimal__TimeMixer.json,,,,,,0.058823566883802414,0.010556934401392937,0.10274694351362933,0.9766281843185425
task1a-classical-baseline,minimal,TimeXer,ok,full_2021,/home/tawheed/exp/project_qml/QLSTM/data/preprocessed/task1a/wildfire_risk_minimal.csv,/home/tawheed/exp/project_qml/QLSTM/output/task1a_classical/runs/task1a-classical-baseline,1621,285,1906,9,,11,21,11,0.0393449030816555,/home/tawheed/exp/project_qml/QLSTM/output/task1a_classical/runs/task1a-classical-baseline/predictions/minimal__TimeXer.csv,/home/tawheed/exp/project_qml/QLSTM/output/task1a_classical/runs/task1a-classical-baseline/histories/minimal__TimeXer.json,,,,,,0.058083102107048035,0.01050832774490118,0.10251013483993268,0.9767357707023621
task1a-classical-baseline,minimal,TimesNet,ok,full_2021,/home/tawheed/exp/project_qml/QLSTM/data/preprocessed/task1a/wildfire_risk_minimal.csv,/home/tawheed/exp/project_qml/QLSTM/output/task1a_classical/runs/task1a-classical-baseline,1621,285,1906,9,,4,14,4,0.043109034498532615,/home/tawheed/exp/project_qml/QLSTM/output/task1a_classical/runs/task1a-classical-baseline/predictions/minimal__TimesNet.csv,/home/tawheed/exp/project_qml/QLSTM/output/task1a_classical/runs/task1a-classical-baseline/histories/minimal__TimesNet.json,,,,,,0.06452849507331848,0.012200889177620411,0.11045763521649561,0.9729886651039124
task1a-classical-baseline,minimal,Transformer,ok,full_2021,/home/tawheed/exp/project_qml/QLSTM/data/preprocessed/task1a/wildfire_risk_minimal.csv,/home/tawheed/exp/project_qml/QLSTM/output/task1a_classical/runs/task1a-classical-baseline,1621,285,1906,9,,41,50,41,0.057449287424484886,/home/tawheed/exp/project_qml/QLSTM/output/task1a_classical/runs/task1a-classical-baseline/predictions/minimal__Transformer.csv,/home/tawheed/exp/project_qml/QLSTM/output/task1a_classical/runs/task1a-classical-baseline/histories/minimal__Transformer.json,,,,,,0.07129350304603577,0.0115731880068779,0.10757875258097158,0.9743782877922058
task1a-classical-baseline,minimal,WPMixer,ok,full_2021,/home/tawheed/exp/project_qml/QLSTM/data/preprocessed/task1a/wildfire_risk_minimal.csv,/home/tawheed/exp/project_qml/QLSTM/output/task1a_classical/runs/task1a-classical-baseline,1621,285,1906,9,,4,14,4,0.04003045087059339,/home/tawheed/exp/project_qml/QLSTM/output/task1a_classical/runs/task1a-classical-baseline/predictions/minimal__WPMixer.csv,/home/tawheed/exp/project_qml/QLSTM/output/task1a_classical/runs/task1a-classical-baseline/histories/minimal__WPMixer.json,,,,,,0.059046484529972076,0.010732739232480526,0.1035989345142146,0.9762389659881592
task1a-classical-baseline,minimal,iTransformer,ok,full_2021,/home/tawheed/exp/project_qml/QLSTM/data/preprocessed/task1a/wildfire_risk_minimal.csv,/home/tawheed/exp/project_qml/QLSTM/output/task1a_classical/runs/task1a-classical-baseline,1621,285,1906,9,,2,12,2,0.04061654582619667,/home/tawheed/exp/project_qml/QLSTM/output/task1a_classical/runs/task1a-classical-baseline/predictions/minimal__iTransformer.csv,/home/tawheed/exp/project_qml/QLSTM/output/task1a_classical/runs/task1a-classical-baseline/histories/minimal__iTransformer.json,,,,,,0.05979282036423683,0.011137468740344048,0.1055342064941223,0.9753429293632507
task1a-classical-baseline,extended,Autoformer,ok,full_2021,/home/tawheed/exp/project_qml/QLSTM/data/preprocessed/task1a/wildfire_risk_extended.csv,/home/tawheed/exp/project_qml/QLSTM/output/task1a_classical/runs/task1a-classical-baseline,1621,285,1906,20,avg_ppc,3,13,3,0.16362111022075018,/home/tawheed/exp/project_qml/QLSTM/output/task1a_classical/runs/task1a-classical-baseline/predictions/extended__Autoformer.csv,/home/tawheed/exp/project_qml/QLSTM/output/task1a_classical/runs/task1a-classical-baseline/histories/extended__Autoformer.json,,,,,,0.1691783368587494,0.08081503957509995,0.2842798613604206,0.8210849165916443
task1a-classical-baseline,extended,Crossformer,ok,full_2021,/home/tawheed/exp/project_qml/QLSTM/data/preprocessed/task1a/wildfire_risk_extended.csv,/home/tawheed/exp/project_qml/QLSTM/output/task1a_classical/runs/task1a-classical-baseline,1621,285,1906,20,avg_ppc,25,35,25,0.0376161535580953,/home/tawheed/exp/project_qml/QLSTM/output/task1a_classical/runs/task1a-classical-baseline/predictions/extended__Crossformer.csv,/home/tawheed/exp/project_qml/QLSTM/output/task1a_classical/runs/task1a-classical-baseline/histories/extended__Crossformer.json,,,,,,0.06265362352132797,0.010436264798045158,0.10215803834278123,0.9768953323364258
task1a-classical-baseline,extended,DLinear,ok,full_2021,/home/tawheed/exp/project_qml/QLSTM/data/preprocessed/task1a/wildfire_risk_extended.csv,/home/tawheed/exp/project_qml/QLSTM/output/task1a_classical/runs/task1a-classical-baseline,1621,285,1906,20,avg_ppc,50,50,50,0.053160082548856735,/home/tawheed/exp/project_qml/QLSTM/output/task1a_classical/runs/task1a-classical-baseline/predictions/extended__DLinear.csv,/home/tawheed/exp/project_qml/QLSTM/output/task1a_classical/runs/task1a-classical-baseline/histories/extended__DLinear.json,,,,,,0.06696870923042297,0.013401013799011707,0.11576274788986182,0.9703317284584045
task1a-classical-baseline,extended,ETSformer,ok,full_2021,/home/tawheed/exp/project_qml/QLSTM/data/preprocessed/task1a/wildfire_risk_extended.csv,/home/tawheed/exp/project_qml/QLSTM/output/task1a_classical/runs/task1a-classical-baseline,1621,285,1906,20,avg_ppc,44,50,44,0.06968625014026959,/home/tawheed/exp/project_qml/QLSTM/output/task1a_classical/runs/task1a-classical-baseline/predictions/extended__ETSformer.csv,/home/tawheed/exp/project_qml/QLSTM/output/task1a_classical/runs/task1a-classical-baseline/histories/extended__ETSformer.json,,,,,,0.10243087261915207,0.02279837056994438,0.15099129302693046,0.9495270848274231
task1a-classical-baseline,extended,FEDformer,ok,full_2021,/home/tawheed/exp/project_qml/QLSTM/data/preprocessed/task1a/wildfire_risk_extended.csv,/home/tawheed/exp/project_qml/QLSTM/output/task1a_classical/runs/task1a-classical-baseline,1621,285,1906,20,avg_ppc,1,11,1,0.16497053702672324,/home/tawheed/exp/project_qml/QLSTM/output/task1a_classical/runs/task1a-classical-baseline/predictions/extended__FEDformer.csv,/home/tawheed/exp/project_qml/QLSTM/output/task1a_classical/runs/task1a-classical-baseline/histories/extended__FEDformer.json,,,,,,0.5584661364555359,0.38503676652908325,0.620513308905686,0.1475733518600464
task1a-classical-baseline,extended,FiLM,ok,full_2021,/home/tawheed/exp/project_qml/QLSTM/data/preprocessed/task1a/wildfire_risk_extended.csv,/home/tawheed/exp/project_qml/QLSTM/output/task1a_classical/runs/task1a-classical-baseline,1621,285,1906,20,avg_ppc,50,50,50,0.09829685588677724,/home/tawheed/exp/project_qml/QLSTM/output/task1a_classical/runs/task1a-classical-baseline/predictions/extended__FiLM.csv,/home/tawheed/exp/project_qml/QLSTM/output/task1a_classical/runs/task1a-classical-baseline/histories/extended__FiLM.json,,,,,,0.16892628371715546,0.04544931650161743,0.21318845302130562,0.8993805050849915
task1a-classical-baseline,extended,FreTS,ok,full_2021,/home/tawheed/exp/project_qml/QLSTM/data/preprocessed/task1a/wildfire_risk_extended.csv,/home/tawheed/exp/project_qml/QLSTM/output/task1a_classical/runs/task1a-classical-baseline,1621,285,1906,20,avg_ppc,27,37,27,0.03753892704844475,/home/tawheed/exp/project_qml/QLSTM/output/task1a_classical/runs/task1a-classical-baseline/predictions/extended__FreTS.csv,/home/tawheed/exp/project_qml/QLSTM/output/task1a_classical/runs/task1a-classical-baseline/histories/extended__FreTS.json,,,,,,0.06547314673662186,0.01067128125578165,0.10330189376667617,0.9763750433921814
task1a-classical-baseline,extended,Informer,ok,full_2021,/home/tawheed/exp/project_qml/QLSTM/data/preprocessed/task1a/wildfire_risk_extended.csv,/home/tawheed/exp/project_qml/QLSTM/output/task1a_classical/runs/task1a-classical-baseline,1621,285,1906,20,avg_ppc,28,38,28,0.060273936639229454,/home/tawheed/exp/project_qml/QLSTM/output/task1a_classical/runs/task1a-classical-baseline/predictions/extended__Informer.csv,/home/tawheed/exp/project_qml/QLSTM/output/task1a_classical/runs/task1a-classical-baseline/histories/extended__Informer.json,,,,,,0.08354518562555313,0.014582877978682518,0.1207595875228237,0.9677152037620544
task1a-classical-baseline,extended,LightTS,ok,full_2021,/home/tawheed/exp/project_qml/QLSTM/data/preprocessed/task1a/wildfire_risk_extended.csv,/home/tawheed/exp/project_qml/QLSTM/output/task1a_classical/runs/task1a-classical-baseline,1621,285,1906,20,avg_ppc,50,50,50,0.038963478058576584,/home/tawheed/exp/project_qml/QLSTM/output/task1a_classical/runs/task1a-classical-baseline/predictions/extended__LightTS.csv,/home/tawheed/exp/project_qml/QLSTM/output/task1a_classical/runs/task1a-classical-baseline/histories/extended__LightTS.json,,,,,,0.05239131301641464,0.009946473874151707,0.09973201027830386,0.9779796600341797
task1a-classical-baseline,extended,MICN,ok,full_2021,/home/tawheed/exp/project_qml/QLSTM/data/preprocessed/task1a/wildfire_risk_extended.csv,/home/tawheed/exp/project_qml/QLSTM/output/task1a_classical/runs/task1a-classical-baseline,1621,285,1906,20,avg_ppc,50,50,50,0.6558921535809835,/home/tawheed/exp/project_qml/QLSTM/output/task1a_classical/runs/task1a-classical-baseline/predictions/extended__MICN.csv,/home/tawheed/exp/project_qml/QLSTM/output/task1a_classical/runs/task1a-classical-baseline/histories/extended__MICN.json,,,,,,0.21307088434696198,0.10826453566551208,0.3290357665444778,0.76031494140625
task1a-classical-baseline,extended,MSGNet,ok,full_2021,/home/tawheed/exp/project_qml/QLSTM/data/preprocessed/task1a/wildfire_risk_extended.csv,/home/tawheed/exp/project_qml/QLSTM/output/task1a_classical/runs/task1a-classical-baseline,1621,285,1906,20,avg_ppc,10,20,10,0.04174393539627393,/home/tawheed/exp/project_qml/QLSTM/output/task1a_classical/runs/task1a-classical-baseline/predictions/extended__MSGNet.csv,/home/tawheed/exp/project_qml/QLSTM/output/task1a_classical/runs/task1a-classical-baseline/histories/extended__MSGNet.json,,,,,,0.058684542775154114,0.01023082621395588,0.10114754675203882,0.977350115776062
task1a-classical-baseline,extended,MambaSimple,ok,full_2021,/home/tawheed/exp/project_qml/QLSTM/data/preprocessed/task1a/wildfire_risk_extended.csv,/home/tawheed/exp/project_qml/QLSTM/output/task1a_classical/runs/task1a-classical-baseline,1621,285,1906,20,avg_ppc,13,23,13,0.0446283183991909,/home/tawheed/exp/project_qml/QLSTM/output/task1a_classical/runs/task1a-classical-baseline/predictions/extended__MambaSimple.csv,/home/tawheed/exp/project_qml/QLSTM/output/task1a_classical/runs/task1a-classical-baseline/histories/extended__MambaSimple.json,,,,,,0.0630543902516365,0.011313004419207573,0.10636260818167056,0.9749543070793152
task1a-classical-baseline,extended,Nonstationary_Transformer,ok,full_2021,/home/tawheed/exp/project_qml/QLSTM/data/preprocessed/task1a/wildfire_risk_extended.csv,/home/tawheed/exp/project_qml/QLSTM/output/task1a_classical/runs/task1a-classical-baseline,1621,285,1906,20,avg_ppc,16,26,16,0.04458846648534139,/home/tawheed/exp/project_qml/QLSTM/output/task1a_classical/runs/task1a-classical-baseline/predictions/extended__Nonstationary_Transformer.csv,/home/tawheed/exp/project_qml/QLSTM/output/task1a_classical/runs/task1a-classical-baseline/histories/extended__Nonstationary_Transformer.json,,,,,,0.06287488341331482,0.010960454121232033,0.1046921874890005,0.9757348299026489
task1a-classical-baseline,extended,PAttn,ok,full_2021,/home/tawheed/exp/project_qml/QLSTM/data/preprocessed/task1a/wildfire_risk_extended.csv,/home/tawheed/exp/project_qml/QLSTM/output/task1a_classical/runs/task1a-classical-baseline,1621,285,1906,20,avg_ppc,1,11,1,0.039661914110183716,/home/tawheed/exp/project_qml/QLSTM/output/task1a_classical/runs/task1a-classical-baseline/predictions/extended__PAttn.csv,/home/tawheed/exp/project_qml/QLSTM/output/task1a_classical/runs/task1a-classical-baseline/histories/extended__PAttn.json,,,,,,0.11433214694261551,0.02168090082705021,0.14724435753892307,0.9520010352134705
task1a-classical-baseline,extended,PatchTST,ok,full_2021,/home/tawheed/exp/project_qml/QLSTM/data/preprocessed/task1a/wildfire_risk_extended.csv,/home/tawheed/exp/project_qml/QLSTM/output/task1a_classical/runs/task1a-classical-baseline,1621,285,1906,20,avg_ppc,10,20,10,0.03897876416643461,/home/tawheed/exp/project_qml/QLSTM/output/task1a_classical/runs/task1a-classical-baseline/predictions/extended__PatchTST.csv,/home/tawheed/exp/project_qml/QLSTM/output/task1a_classical/runs/task1a-classical-baseline/histories/extended__PatchTST.json,,,,,,0.057568445801734924,0.010517312213778496,0.10255394782151732,0.9767159223556519
task1a-classical-baseline,extended,Pyraformer,ok,full_2021,/home/tawheed/exp/project_qml/QLSTM/data/preprocessed/task1a/wildfire_risk_extended.csv,/home/tawheed/exp/project_qml/QLSTM/output/task1a_classical/runs/task1a-classical-baseline,1621,285,1906,20,avg_ppc,49,50,49,0.054770508160193764,/home/tawheed/exp/project_qml/QLSTM/output/task1a_classical/runs/task1a-classical-baseline/predictions/extended__Pyraformer.csv,/home/tawheed/exp/project_qml/QLSTM/output/task1a_classical/runs/task1a-classical-baseline/histories/extended__Pyraformer.json,,,,,,0.07831145823001862,0.012485253624618053,0.11173743161813794,0.9723591208457947
task1a-classical-baseline,extended,Reformer,ok,full_2021,/home/tawheed/exp/project_qml/QLSTM/data/preprocessed/task1a/wildfire_risk_extended.csv,/home/tawheed/exp/project_qml/QLSTM/output/task1a_classical/runs/task1a-classical-baseline,1621,285,1906,20,avg_ppc,48,50,48,0.05157866577307383,/home/tawheed/exp/project_qml/QLSTM/output/task1a_classical/runs/task1a-classical-baseline/predictions/extended__Reformer.csv,/home/tawheed/exp/project_qml/QLSTM/output/task1a_classical/runs/task1a-classical-baseline/histories/extended__Reformer.json,,,,,,0.0714581236243248,0.0118494788184762,0.10885531139304228,0.9737666249275208
task1a-classical-baseline,extended,SegRNN,ok,full_2021,/home/tawheed/exp/project_qml/QLSTM/data/preprocessed/task1a/wildfire_risk_extended.csv,/home/tawheed/exp/project_qml/QLSTM/output/task1a_classical/runs/task1a-classical-baseline,1621,285,1906,20,avg_ppc,11,21,11,0.039347620060046516,/home/tawheed/exp/project_qml/QLSTM/output/task1a_classical/runs/task1a-classical-baseline/predictions/extended__SegRNN.csv,/home/tawheed/exp/project_qml/QLSTM/output/task1a_classical/runs/task1a-classical-baseline/histories/extended__SegRNN.json,,,,,,0.05044017732143402,0.00950600579380989,0.0974987476525206,0.9789547920227051
task1a-classical-baseline,extended,TSMixer,ok,full_2021,/home/tawheed/exp/project_qml/QLSTM/data/preprocessed/task1a/wildfire_risk_extended.csv,/home/tawheed/exp/project_qml/QLSTM/output/task1a_classical/runs/task1a-classical-baseline,1621,285,1906,20,avg_ppc,42,50,42,0.043252638230721153,/home/tawheed/exp/project_qml/QLSTM/output/task1a_classical/runs/task1a-classical-baseline/predictions/extended__TSMixer.csv,/home/tawheed/exp/project_qml/QLSTM/output/task1a_classical/runs/task1a-classical-baseline/histories/extended__TSMixer.json,,,,,,0.06547892838716507,0.010282935574650764,0.10140481041178848,0.9772347807884216
task1a-classical-baseline,extended,TiDE,ok,full_2021,/home/tawheed/exp/project_qml/QLSTM/data/preprocessed/task1a/wildfire_risk_extended.csv,/home/tawheed/exp/project_qml/QLSTM/output/task1a_classical/runs/task1a-classical-baseline,1621,285,1906,20,avg_ppc,50,50,50,0.04266216109196345,/home/tawheed/exp/project_qml/QLSTM/output/task1a_classical/runs/task1a-classical-baseline/predictions/extended__TiDE.csv,/home/tawheed/exp/project_qml/QLSTM/output/task1a_classical/runs/task1a-classical-baseline/histories/extended__TiDE.json,,,,,,0.05723266303539276,0.010438493452966213,0.10216894563890837,0.9768903851509094
task1a-classical-baseline,extended,TimeFilter,ok,full_2021,/home/tawheed/exp/project_qml/QLSTM/data/preprocessed/task1a/wildfire_risk_extended.csv,/home/tawheed/exp/project_qml/QLSTM/output/task1a_classical/runs/task1a-classical-baseline,1621,285,1906,20,avg_ppc,16,26,16,0.039510092387596764,/home/tawheed/exp/project_qml/QLSTM/output/task1a_classical/runs/task1a-classical-baseline/predictions/extended__TimeFilter.csv,/home/tawheed/exp/project_qml/QLSTM/output/task1a_classical/runs/task1a-classical-baseline/histories/extended__TimeFilter.json,,,,,,0.05681455135345459,0.010270264931023121,0.10134231559927531,0.9772628545761108
task1a-classical-baseline,extended,TimeMixer,ok,full_2021,/home/tawheed/exp/project_qml/QLSTM/data/preprocessed/task1a/wildfire_risk_extended.csv,/home/tawheed/exp/project_qml/QLSTM/output/task1a_classical/runs/task1a-classical-baseline,1621,285,1906,20,avg_ppc,13,23,13,0.03930835550030073,/home/tawheed/exp/project_qml/QLSTM/output/task1a_classical/runs/task1a-classical-baseline/predictions/extended__TimeMixer.csv,/home/tawheed/exp/project_qml/QLSTM/output/task1a_classical/runs/task1a-classical-baseline/histories/extended__TimeMixer.json,,,,,,0.05912189185619354,0.010796735994517803,0.10390734331373218,0.9760972857475281
task1a-classical-baseline,extended,TimeXer,ok,full_2021,/home/tawheed/exp/project_qml/QLSTM/data/preprocessed/task1a/wildfire_risk_extended.csv,/home/tawheed/exp/project_qml/QLSTM/output/task1a_classical/runs/task1a-classical-baseline,1621,285,1906,20,avg_ppc,17,27,17,0.0386483371257782,/home/tawheed/exp/project_qml/QLSTM/output/task1a_classical/runs/task1a-classical-baseline/predictions/extended__TimeXer.csv,/home/tawheed/exp/project_qml/QLSTM/output/task1a_classical/runs/task1a-classical-baseline/histories/extended__TimeXer.json,,,,,,0.057696256786584854,0.010343814268708229,0.1017045439924305,0.9771000146865845
task1a-classical-baseline,extended,TimesNet,ok,full_2021,/home/tawheed/exp/project_qml/QLSTM/data/preprocessed/task1a/wildfire_risk_extended.csv,/home/tawheed/exp/project_qml/QLSTM/output/task1a_classical/runs/task1a-classical-baseline,1621,285,1906,20,avg_ppc,9,19,9,0.043115489184856415,/home/tawheed/exp/project_qml/QLSTM/output/task1a_classical/runs/task1a-classical-baseline/predictions/extended__TimesNet.csv,/home/tawheed/exp/project_qml/QLSTM/output/task1a_classical/runs/task1a-classical-baseline/histories/extended__TimesNet.json,,,,,,0.06332919746637344,0.011180576868355274,0.1057382469514001,0.9752475023269653
task1a-classical-baseline,extended,Transformer,ok,full_2021,/home/tawheed/exp/project_qml/QLSTM/data/preprocessed/task1a/wildfire_risk_extended.csv,/home/tawheed/exp/project_qml/QLSTM/output/task1a_classical/runs/task1a-classical-baseline,1621,285,1906,20,avg_ppc,46,50,46,0.05753308782974879,/home/tawheed/exp/project_qml/QLSTM/output/task1a_classical/runs/task1a-classical-baseline/predictions/extended__Transformer.csv,/home/tawheed/exp/project_qml/QLSTM/output/task1a_classical/runs/task1a-classical-baseline/histories/extended__Transformer.json,,,,,,0.06521926075220108,0.010433402843773365,0.1021440298978524,0.976901650428772
task1a-classical-baseline,extended,WPMixer,ok,full_2021,/home/tawheed/exp/project_qml/QLSTM/data/preprocessed/task1a/wildfire_risk_extended.csv,/home/tawheed/exp/project_qml/QLSTM/output/task1a_classical/runs/task1a-classical-baseline,1621,285,1906,20,avg_ppc,8,18,8,0.039476426939169564,/home/tawheed/exp/project_qml/QLSTM/output/task1a_classical/runs/task1a-classical-baseline/predictions/extended__WPMixer.csv,/home/tawheed/exp/project_qml/QLSTM/output/task1a_classical/runs/task1a-classical-baseline/histories/extended__WPMixer.json,,,,,,0.05784474313259125,0.010623088106513023,0.10306836617756693,0.9764817357063293
task1a-classical-baseline,extended,iTransformer,ok,full_2021,/home/tawheed/exp/project_qml/QLSTM/data/preprocessed/task1a/wildfire_risk_extended.csv,/home/tawheed/exp/project_qml/QLSTM/output/task1a_classical/runs/task1a-classical-baseline,1621,285,1906,20,avg_ppc,3,13,3,0.04051342234015465,/home/tawheed/exp/project_qml/QLSTM/output/task1a_classical/runs/task1a-classical-baseline/predictions/extended__iTransformer.csv,/home/tawheed/exp/project_qml/QLSTM/output/task1a_classical/runs/task1a-classical-baseline/histories/extended__iTransformer.json,,,,,,0.05813273787498474,0.010509802028536797,0.10251732550421318,0.9767324924468994
